brewery_name,neg,mean,median,pos
Camo Brewing Company,"[0.139, 0.277, 0.0, 0.095, 0.024, 0.108, 0.05, 0.112, 0.015, 0.032, 0.166, 0.11, 0.295, 0.0, 0.168, 0.142, 0.176, 0.051, 0.141, 0.023, 0.098, 0.135, 0.113, 0.043, 0.027, 0.006, 0.081, 0.016, 0.21, 0.067, 0.037, 0.081, 0.041, 0.033, 0.1, 0.163, 0.035, 0.132, 0.088, 0.095, 0.0, 0.069, 0.063, 0.138, 0.115, 0.043, 0.057, 0.108, 0.037, 0.092, 0.092, 0.0, 0.068, 0.166, 0.183, 0.165, 0.167, 0.159, 0.065, 0.012, 0.134, 0.039, 0.071, 0.126, 0.141, 0.043, 0.062, 0.241, 0.211, 0.1, 0.034, 0.0, 0.048, 0.173, 0.124, 0.155, 0.081, 0.174, 0.154, 0.0, 0.04, 0.139, 0.1, 0.118, 0.104, 0.25, 0.064, 0.017, 0.092, 0.086, 0.113, 0.117, 0.029, 0.121, 0.033, 0.14, 0.106, 0.117, 0.169, 0.065, 0.112, 0.052, 0.083, 0.079, 0.097, 0.175, 0.101, 0.054, 0.061, 0.179, 0.218, 0.086, 0.262, 0.133, 0.14, 0.112, 0.135, 0.075, 0.207, 0.0, 0.176, 0.014, 0.085, 0.15, 0.079, 0.12, 0.051, 0.06, 0.017, 0.052, 0.074, 0.037, 0.154, 0.032, 0.111, 0.063, 0.098, 0.03, 0.0, 0.024, 0.022, 0.172, 0.161, 0.157, 0.066, 0.082, 0.069, 0.038, 0.137, 0.095, 0.046, 0.052, 0.081, 0.045, 0.045, 0.033, 0.057, 0.126, 0.121]",0.09464150943396228,0.088,
S. C. Martens S. A.,"[0.025, 0.064, 0.097, 0.076, 0.0, 0.076, 0.047, 0.0, 0.091, 0.0, 0.0, 0.158, 0.033, 0.022, 0.018, 0.117, 0.023, 0.0, 0.192, 0.124, 0.0, 0.0, 0.059, 0.031, 0.118, 0.087, 0.089, 0.027, 0.046, 0.089, 0.03, 0.17, 0.053, 0.177, 0.171, 0.073, 0.092, 0.058, 0.077, 0.107, 0.082, 0.146, 0.094, 0.104, 0.036, 0.101, 0.06, 0.011, 0.046, 0.128, 0.035, 0.08, 0.175, 0.093, 0.009, 0.045, 0.073, 0.034, 0.051, 0.097, 0.221, 0.09, 0.09, 0.108, 0.0, 0.057, 0.092, 0.015, 0.087, 0.145, 0.043]",0.07274647887323943,0.073,
Coastal Fog Brewing,"[0.144, 0.051, 0.061, 0.01, 0.065, 0.157, 0.028, 0.064, 0.063, 0.019, 0.065, 0.0, 0.032, 0.038, 0.0, 0.071, 0.066, 0.049, 0.077, 0.056, 0.07, 0.135, 0.156, 0.128, 0.115, 0.188, 0.125, 0.064, 0.241, 0.098, 0.064, 0.104, 0.124, 0.151, 0.134, 0.097, 0.121, 0.11, 0.072, 0.078, 0.08, 0.18, 0.027, 0.235, 0.013, 0.115, 0.066, 0.088, 0.009, 0.082, 0.051, 0.05, 0.056, 0.085, 0.021, 0.128, 0.089, 0.075, 0.13, 0.131, 0.06, 0.024, 0.043]",0.08458730158730159,0.072,
Castlemaine Perkins,"[0.057, 0.143, 0.0, 0.0, 0.036, 0.021, 0.035, 0.0, 0.162, 0.098, 0.055, 0.049, 0.064, 0.0, 0.0, 0.0, 0.071, 0.077, 0.112, 0.076, 0.093, 0.126, 0.13, 0.077, 0.0, 0.131, 0.051, 0.097, 0.011, 0.179, 0.084, 0.12, 0.065, 0.112, 0.123, 0.131, 0.102, 0.097, 0.108, 0.047, 0.189, 0.293, 0.024, 0.088, 0.071, 0.048, 0.08, 0.009, 0.017, 0.035, 0.062, 0.112, 0.0, 0.166, 0.094, 0.091, 0.132, 0.051, 0.09, 0.047, 0.0, 0.034, 0.0, 0.081, 0.047, 0.173, 0.031, 0.073, 0.135, 0.063, 0.034, 0.223, 0.163, 0.0, 0.12, 0.0, 0.067, 0.046, 0.0, 0.096, 0.0, 0.071]",0.07434146341463414,0.071,
Chili Beer Co.,"[0.127, 0.0, 0.016, 0.0, 0.06, 0.0, 0.022, 0.0, 0.0, 0.0, 0.0, 0.033, 0.0, 0.0, 0.083, 0.0, 0.042, 0.144, 0.168, 0.149, 0.097, 0.064, 0.071, 0.114, 0.027, 0.09, 0.129, 0.085, 0.063, 0.179, 0.059, 0.0, 0.0, 0.122, 0.02, 0.074, 0.209, 0.095, 0.217, 0.145, 0.13, 0.05, 0.07, 0.122, 0.05, 0.117, 0.08, 0.099, 0.035, 0.117, 0.109, 0.0, 0.055, 0.038, 0.024, 0.05, 0.051, 0.025, 0.102, 0.039, 0.17, 0.122, 0.015, 0.031, 0.075, 0.128, 0.102, 0.092, 0.0, 0.062, 0.0, 0.044, 0.045, 0.048, 0.063, 0.063, 0.045, 0.05, 0.124, 0.074, 0.073, 0.033, 0.0, 0.103, 0.083, 0.045, 0.16, 0.042, 0.0, 0.107, 0.064, 0.073, 0.157, 0.114, 0.042, 0.041, 0.135, 0.148, 0.141, 0.121, 0.145, 0.089, 0.059, 0.082, 0.065, 0.061, 0.049, 0.04, 0.054, 0.092, 0.115, 0.221, 0.035, 0.059, 0.047, 0.087, 0.111, 0.122, 0.161, 0.07, 0.162, 0.154, 0.091, 0.095, 0.145, 0.083, 0.09, 0.103, 0.112, 0.158, 0.124, 0.166, 0.116, 0.066, 0.122, 0.106, 0.074, 0.126, 0.094, 0.09, 0.0, 0.177, 0.062, 0.138, 0.13, 0.11, 0.07, 0.043, 0.111, 0.09, 0.037, 0.111, 0.117, 0.165, 0.053, 0.051, 0.05, 0.081, 0.054, 0.085, 0.182, 0.184, 0.235, 0.052, 0.065, 0.214, 0.103, 0.173, 0.064, 0.059, 0.037, 0.097, 0.033, 0.043, 0.069, 0.046, 0.092, 0.103, 0.029, 0.108, 0.116, 0.036, 0.027, 0.047, 0.045, 0.025, 0.196, 0.09, 0.106, 0.148, 0.084, 0.024, 0.141, 0.0, 0.121, 0.1, 0.078, 0.05, 0.075, 0.086, 0.105, 0.075, 0.069, 0.076, 0.034, 0.137, 0.046, 0.053, 0.075, 0.083, 0.065, 0.044, 0.052, 0.045, 0.113, 0.08, 0.055, 0.222, 0.0, 0.036, 0.082, 0.085, 0.038, 0.123, 0.063, 0.155, 0.065, 0.024, 0.04, 0.054, 0.016, 0.137, 0.077, 0.073, 0.057, 0.159, 0.061, 0.079, 0.068, 0.064, 0.169, 0.027, 0.577, 0.018, 0.075, 0.023, 0.106, 0.02, 0.125, 0.036, 0.033, 0.095, 0.038, 0.091, 0.041, 0.051, 0.089, 0.085, 0.112, 0.028, 0.028, 0.047, 0.047, 0.101, 0.05, 0.068, 0.025, 0.075, 0.063, 0.106, 0.014, 0.06, 0.158, 0.087, 0.058, 0.07, 0.045, 0.057, 0.0, 0.0, 0.086, 0.049, 0.082, 0.082, 0.0, 0.342, 0.0, 0.087, 0.051, 0.029, 0.077, 0.109, 0.039, 0.028, 0.178, 0.041, 0.0, 0.176, 0.113, 0.153, 0.064, 0.054, 0.077, 0.107, 0.137, 0.075, 0.046, 0.068, 0.173, 0.088, 0.029, 0.046, 0.0, 0.046, 0.075, 0.152, 0.018, 0.125, 0.068, 0.0, 0.161, 0.079, 0.037, 0.032, 0.129, 0.03, 0.046, 0.075, 0.054, 0.032, 0.067, 0.009, 0.0, 0.063, 0.039, 0.116, 0.104, 0.219, 0.093, 0.045, 0.041, 0.017, 0.136, 0.097, 0.053, 0.016, 0.155, 0.085, 0.072, 0.061, 0.025, 0.049, 0.116, 0.026, 0.112, 0.134, 0.099, 0.02, 0.176, 0.081, 0.044, 0.071, 0.066, 0.096, 0.109, 0.13, 0.099, 0.187, 0.0, 0.12, 0.055, 0.045, 0.068, 0.022, 0.08, 0.024, 0.052, 0.0, 0.032, 0.064, 0.059, 0.087, 0.056, 0.135, 0.082, 0.04, 0.056, 0.109, 0.108, 0.024, 0.093, 0.0, 0.107, 0.046, 0.045, 0.062, 0.079, 0.087, 0.156, 0.082, 0.157, 0.141, 0.168, 0.122, 0.047, 0.121, 0.0, 0.095, 0.049, 0.039, 0.071, 0.065, 0.057, 0.049, 0.105, 0.081, 0.022, 0.0, 0.0, 0.063, 0.059, 0.051, 0.1, 0.085, 0.154, 0.106, 0.025, 0.058, 0.0, 0.057, 0.269, 0.083, 0.067, 0.046, 0.044, 0.012, 0.0, 0.015, 0.019]",0.07789066059225513,0.069,
Melanie Brewing Company,"[0.048, 0.085, 0.033, 0.055, 0.0, 0.099, 0.039, 0.091, 0.045, 0.046, 0.072, 0.039, 0.075, 0.213, 0.144, 0.08, 0.105, 0.036, 0.039, 0.014, 0.036, 0.085, 0.131, 0.123, 0.075, 0.182, 0.077, 0.173, 0.054, 0.095, 0.036, 0.13, 0.011, 0.082, 0.136, 0.195, 0.068, 0.011, 0.078, 0.041, 0.089, 0.116, 0.056, 0.067, 0.08, 0.133, 0.0, 0.02, 0.011, 0.042, 0.021, 0.048, 0.021, 0.131, 0.167, 0.093, 0.07, 0.0, 0.023, 0.252, 0.017, 0.072, 0.0, 0.027, 0.034, 0.16, 0.111, 0.066, 0.113, 0.167, 0.087, 0.046, 0.0, 0.04, 0.078, 0.033, 0.023, 0.07, 0.022, 0.053, 0.09, 0.328, 0.029, 0.077, 0.112, 0.024, 0.113, 0.081, 0.147, 0.033, 0.073, 0.065, 0.054, 0.121, 0.033, 0.104, 0.109, 0.057, 0.149, 0.083, 0.058, 0.049, 0.147, 0.205, 0.155, 0.102, 0.116, 0.097, 0.047, 0.04, 0.071, 0.189, 0.072, 0.038, 0.163, 0.14, 0.052, 0.025, 0.021, 0.041, 0.041, 0.027, 0.055, 0.124, 0.092, 0.101, 0.059, 0.056, 0.047, 0.062, 0.152, 0.127, 0.089, 0.037, 0.103, 0.188, 0.071, 0.121, 0.13, 0.096, 0.19, 0.112, 0.096, 0.086, 0.079, 0.034, 0.09, 0.214, 0.108, 0.0, 0.031, 0.037, 0.012, 0.038, 0.049, 0.125, 0.157, 0.05, 0.122, 0.155, 0.127, 0.14, 0.079, 0.166, 0.064, 0.096, 0.09, 0.167, 0.065, 0.061, 0.189, 0.069, 0.186, 0.093, 0.072, 0.111, 0.084, 0.044, 0.0, 0.067, 0.053, 0.063, 0.0, 0.0, 0.099, 0.021, 0.023, 0.038, 0.031, 0.147, 0.008, 0.08, 0.07, 0.019, 0.054, 0.049, 0.094, 0.0, 0.049, 0.043, 0.082, 0.082, 0.066, 0.07, 0.108, 0.074, 0.215, 0.077, 0.037, 0.0, 0.08, 0.027, 0.049, 0.037, 0.038, 0.036, 0.04, 0.063, 0.074, 0.1, 0.166, 0.0, 0.089, 0.036, 0.053, 0.021, 0.047, 0.029, 0.076, 0.067, 0.1, 0.093, 0.105, 0.107, 0.182, 0.107, 0.09, 0.041, 0.073, 0.0, 0.018, 0.047, 0.0, 0.025, 0.064, 0.015, 0.042, 0.067, 0.122, 0.074, 0.037, 0.04, 0.0, 0.101, 0.022, 0.0, 0.0, 0.005, 0.0, 0.053, 0.084, 0.053, 0.028, 0.028, 0.12, 0.075, 0.032, 0.121]",0.07511194029850747,0.0685,
Micro-Brasserie Breughel,"[0.135, 0.235, 0.019, 0.038, 0.044, 0.181, 0.138, 0.097, 0.016, 0.048, 0.023, 0.022, 0.092, 0.114, 0.089, 0.031, 0.013, 0.141, 0.072, 0.026, 0.079, 0.0, 0.113, 0.025, 0.021, 0.112, 0.079, 0.087, 0.056, 0.025, 0.021, 0.027, 0.07, 0.026, 0.036, 0.0, 0.062, 0.014, 0.046, 0.0, 0.026, 0.018, 0.0, 0.142, 0.181, 0.083, 0.013, 0.065, 0.118, 0.089, 0.128, 0.058, 0.041, 0.07, 0.083, 0.072, 0.117, 0.129, 0.154, 0.078, 0.104, 0.148, 0.093, 0.0]",0.070046875,0.0675,
Hellenic Breweries Of Atalanti S.A.,"[0.08, 0.076, 0.046, 0.097, 0.0, 0.05, 0.077, 0.027, 0.106, 0.077, 0.107, 0.052, 0.064, 0.066, 0.126, 0.0, 0.049, 0.043, 0.075, 0.155, 0.179, 0.0, 0.078, 0.105, 0.055, 0.051, 0.027, 0.0, 0.222, 0.072, 0.057, 0.124, 0.076, 0.043, 0.083, 0.084, 0.05, 0.061, 0.082, 0.041, 0.021, 0.031, 0.019, 0.153, 0.111, 0.054, 0.04, 0.0, 0.088, 0.069, 0.099, 0.073, 0.099, 0.046, 0.0, 0.074, 0.127, 0.046]",0.0691896551724138,0.0675,
Al Ahram Beverages Company,"[0.075, 0.036, 0.165, 0.033, 0.311, 0.089, 0.143, 0.089, 0.144, 0.097, 0.0, 0.033, 0.058, 0.021, 0.141, 0.03, 0.086, 0.023, 0.025, 0.101, 0.037, 0.113, 0.045, 0.0, 0.075, 0.064, 0.115, 0.127, 0.089, 0.007, 0.03, 0.03, 0.081, 0.0, 0.066, 0.0, 0.0, 0.101, 0.031, 0.008, 0.1, 0.0, 0.068, 0.067, 0.071, 0.051, 0.042, 0.019, 0.077, 0.151, 0.087, 0.042, 0.09, 0.042, 0.068]",0.06716363636363636,0.066,
Windsor Castle Brewery (Sadler's Ales),"[0.038, 0.134, 0.0, 0.0, 0.073, 0.031, 0.021, 0.031, 0.0, 0.052, 0.12, 0.171, 0.066, 0.079, 0.033, 0.085, 0.079, 0.08, 0.119, 0.123, 0.0, 0.044, 0.074, 0.0, 0.136, 0.0, 0.106, 0.065, 0.028, 0.0, 0.095, 0.0, 0.0, 0.198, 0.0, 0.04, 0.035, 0.091, 0.062, 0.1, 0.078, 0.0, 0.0, 0.063, 0.018, 0.116, 0.105, 0.135, 0.099, 0.055, 0.07, 0.172, 0.023, 0.113, 0.101, 0.09, 0.014, 0.113, 0.044, 0.128]",0.06576666666666667,0.0655,
Second Self Beer Company,"[0.018, 0.047, 0.0, 0.0, 0.028, 0.074, 0.0, 0.033, 0.0, 0.021, 0.0, 0.056, 0.0, 0.023, 0.021, 0.0, 0.0, 0.0, 0.112, 0.233, 0.0, 0.012, 0.0, 0.0, 0.0, 0.0, 0.0, 0.0, 0.0, 0.015, 0.0, 0.0, 0.0, 0.043, 0.046, 0.0, 0.045, 0.0, 0.0, 0.077, 0.0, 0.069, 0.042, 0.036, 0.0, 0.0, 0.03, 0.0, 0.0, 0.0, 0.0, 0.0, 0.083, 0.0, 0.035, 0.083, 0.062]",0.023578947368421053,0.0,
Boiler Brewing Co.,"[0.0, 0.0, 0.0, 0.058, 0.0, 0.0, 0.0, 0.0, 0.031, 0.051, 0.0, 0.136, 0.055, 0.121, 0.0, 0.0, 0.0, 0.0, 0.0, 0.045, 0.0, 0.078, 0.058, 0.03, 0.073, 0.065, 0.084, 0.053, 0.0, 0.049, 0.101, 0.172, 0.0, 0.032, 0.0, 0.074, 0.053, 0.0, 0.0, 0.052, 0.0, 0.075, 0.0, 0.104, 0.0, 0.068, 0.058, 0.0, 0.012, 0.0, 0.0, 0.271, 0.0, 0.056, 0.049, 0.0, 0.0, 0.0, 0.0, 0.072, 0.0, 0.091, 0.0, 0.0, 0.0, 0.0, 0.112, 0.064, 0.0, 0.035]",0.03625714285714286,0.0,
Barbarian Brewing,"[0.0, 0.0, 0.0, 0.055, 0.0, 0.0, 0.0, 0.056, 0.0, 0.0, 0.024, 0.0, 0.0, 0.032, 0.078, 0.066, 0.083, 0.024, 0.091, 0.049, 0.04, 0.0, 0.026, 0.0, 0.0, 0.097, 0.06, 0.0, 0.02, 0.0, 0.0, 0.0, 0.0, 0.043, 0.06, 0.142, 0.049, 0.029, 0.0, 0.024, 0.0, 0.035, 0.0, 0.0, 0.0, 0.0, 0.071, 0.0, 0.0, 0.041, 0.066, 0.128, 0.0, 0.0, 0.0, 0.0, 0.0]",0.026122807017543857,0.0,
Service Brewing Company,"[0.0, 0.047, 0.0, 0.0, 0.048, 0.0, 0.0, 0.074, 0.0, 0.0, 0.0, 0.035, 0.0, 0.0, 0.013, 0.306, 0.004, 0.073, 0.0, 0.0, 0.0, 0.0, 0.059, 0.072, 0.281, 0.086, 0.0, 0.024, 0.049, 0.027, 0.085, 0.0, 0.269, 0.0, 0.0, 0.0, 0.0, 0.0, 0.015, 0.0, 0.0, 0.023, 0.0, 0.0, 0.0, 0.0, 0.076, 0.049, 0.045, 0.064, 0.076, 0.0, 0.095, 0.0, 0.028, 0.0, 0.0, 0.0, 0.015, 0.0, 0.0, 0.0, 0.0, 0.0, 0.0]",0.031353846153846156,0.0,
Pollyanna Brewing Company,"[0.027, 0.0, 0.0, 0.056, 0.035, 0.0, 0.0, 0.0, 0.03, 0.0, 0.061, 0.0, 0.0, 0.085, 0.045, 0.096, 0.0, 0.0, 0.069, 0.0, 0.039, 0.0, 0.118, 0.0, 0.0, 0.0, 0.0, 0.0, 0.048, 0.017, 0.0, 0.0, 0.0, 0.0, 0.022, 0.047, 0.031, 0.0, 0.047, 0.0, 0.0, 0.0, 0.0, 0.055, 0.068, 0.0, 0.042, 0.0, 0.022, 0.0, 0.041, 0.019, 0.092, 0.0, 0.02, 0.023, 0.062, 0.0, 0.0, 0.0, 0.022, 0.027, 0.044, 0.056, 0.009, 0.049, 0.056, 0.055, 0.0, 0.1, 0.052, 0.0, 0.027, 0.07, 0.074, 0.0, 0.011, 0.0, 0.0, 0.081, 0.028, 0.034, 0.0, 0.077, 0.105, 0.011, 0.0, 0.0, 0.0, 0.0, 0.096, 0.113, 0.114, 0.02, 0.0, 0.0, 0.0, 0.036, 0.038, 0.244, 0.0, 0.038, 0.235, 0.0, 0.0, 0.0, 0.0, 0.069, 0.0, 0.0, 0.0, 0.0, 0.0, 0.059, 0.0, 0.0, 0.0, 0.024, 0.024, 0.0, 0.0, 0.0, 0.0, 0.015, 0.0, 0.0, 0.049, 0.0, 0.029]",0.027193798449612405,0.0,
Kalona Brewing Company,"[0.0, 0.082, 0.0, 0.062, 0.0, 0.355, 0.0, 0.0, 0.028, 0.0, 0.0, 0.016, 0.0, 0.0, 0.0, 0.164, 0.0, 0.019, 0.08, 0.0, 0.0, 0.0, 0.051, 0.0, 0.036, 0.0, 0.0, 0.03, 0.0, 0.0, 0.161, 0.0, 0.0, 0.0, 0.013, 0.049, 0.0, 0.0, 0.034, 0.023, 0.025, 0.129, 0.0, 0.073, 0.0, 0.0, 0.058, 0.031, 0.026, 0.011, 0.0, 0.022, 0.017, 0.0, 0.0, 0.025, 0.0, 0.017, 0.065]",0.028847457627118638,0.0,
Fat Point Brewing,"[0.017, 0.0, 0.039, 0.0, 0.022, 0.0, 0.0, 0.137, 0.027, 0.112, 0.067, 0.017, 0.0, 0.0, 0.0, 0.0, 0.0, 0.0, 0.0, 0.024, 0.019, 0.017, 0.142, 0.009, 0.0, 0.0, 0.0, 0.0, 0.015, 0.072, 0.0, 0.0, 0.0, 0.05, 0.0, 0.0, 0.032, 0.0, 0.026, 0.065, 0.0, 0.221, 0.149, 0.0, 0.0, 0.048, 0.089, 0.078, 0.304, 0.0, 0.0, 0.0, 0.0, 0.031]",0.03387037037037037,0.0,
Trimtab Brewing Company,"[0.05, 0.0, 0.02, 0.055, 0.02, 0.0, 0.056, 0.102, 0.085, 0.045, 0.0, 0.0, 0.044, 0.0, 0.0, 0.047, 0.0, 0.041, 0.028, 0.04, 0.0, 0.039, 0.014, 0.0, 0.0, 0.0, 0.0, 0.18, 0.0, 0.0, 0.09, 0.034, 0.018, 0.077, 0.0, 0.0, 0.0, 0.0, 0.0, 0.0, 0.0, 0.03, 0.017, 0.059, 0.047, 0.0, 0.05, 0.0, 0.0, 0.0, 0.0, 0.086, 0.0, 0.0, 0.0, 0.076, 0.0, 0.0, 0.059, 0.042, 0.054, 0.06, 0.0, 0.044, 0.015, 0.0, 0.0]",0.02573134328358209,0.0,
Maplewood Brewery & Distillery,"[0.0, 0.03, 0.0, 0.04, 0.0, 0.03, 0.03, 0.126, 0.027, 0.064, 0.09, 0.081, 0.027, 0.0, 0.0, 0.0, 0.0, 0.0, 0.0, 0.026, 0.0, 0.0, 0.099, 0.0, 0.0, 0.0, 0.0, 0.0, 0.0, 0.0, 0.0, 0.0, 0.0, 0.0, 0.093, 0.022, 0.0, 0.0, 0.023, 0.0, 0.024, 0.242, 0.0, 0.051, 0.0, 0.119, 0.056, 0.088, 0.0, 0.121, 0.072, 0.138, 0.061, 0.0, 0.079, 0.0, 0.044, 0.0, 0.0, 0.0, 0.0, 0.045, 0.063, 0.0, 0.0, 0.0, 0.018, 0.0, 0.0, 0.054, 0.029, 0.025, 0.0, 0.0, 0.034, 0.0, 0.063, 0.019, 0.0, 0.064, 0.066, 0.035, 0.0, 0.034, 0.013, 0.0, 0.0, 0.039, 0.0, 0.0, 0.041, 0.0, 0.0, 0.043, 0.019, 0.022, 0.017, 0.072, 0.0, 0.023, 0.07, 0.205, 0.0, 0.0, 0.051, 0.0, 0.122, 0.07, 0.062, 0.041, 0.0, 0.039, 0.0, 0.0, 0.0]",0.02957391304347826,0.0,
Glacier Brewhouse,"[0.0, 0.027, 0.0, 0.0, 0.0, 0.0, 0.0, 0.0, 0.0, 0.033, 0.0, 0.048, 0.0, 0.0, 0.043, 0.013, 0.0, 0.0, 0.0, 0.034, 0.039, 0.0, 0.0, 0.031, 0.011, 0.0, 0.0, 0.0, 0.0, 0.0, 0.0, 0.0, 0.0, 0.028, 0.044, 0.076, 0.0, 0.041, 0.037, 0.0, 0.007, 0.023, 0.016, 0.038, 0.034, 0.0, 0.0, 0.041, 0.0, 0.041, 0.048, 0.014, 0.022, 0.014, 0.151, 0.0, 0.0, 0.047, 0.017, 0.015, 0.0, 0.0, 0.0, 0.0, 0.0, 0.042, 0.0, 0.0, 0.0, 0.025, 0.015, 0.0, 0.067, 0.131, 0.029, 0.0, 0.0, 0.0, 0.0, 0.03, 0.047, 0.06, 0.052, 0.0, 0.034, 0.063, 0.0, 0.038, 0.0, 0.0, 0.0, 0.0, 0.197, 0.044, 0.129, 0.032, 0.057, 0.093, 0.006, 0.087, 0.0, 0.0, 0.304, 0.0, 0.13, 0.0, 0.0, 0.0, 0.0, 0.014, 0.061, 0.009, 0.0, 0.037, 0.033, 0.0, 0.0, 0.016, 0.04, 0.026, 0.0, 0.0, 0.048, 0.0, 0.0, 0.0, 0.0, 0.0, 0.0, 0.0, 0.017, 0.077, 0.022, 0.016, 0.086, 0.0, 0.062, 0.079, 0.0, 0.0, 0.033, 0.0, 0.019, 0.016, 0.0, 0.018, 0.156, 0.0, 0.0, 0.0, 0.047, 0.0, 0.0, 0.0, 0.0, 0.076, 0.041, 0.033, 0.0, 0.0, 0.0, 0.029, 0.011, 0.023, 0.0, 0.046, 0.0]",0.0235688622754491,0.0,
Confluence Brewing Company,,0.21861249999999996,0.205,"[0.623, 0.221, 0.046, 0.007, 0.262, 0.205, 0.333, 0.16, 0.255, 0.432, 0.153, 0.244, 0.098, 0.328, 0.127, 0.22, 0.255, 0.226, 0.23, 0.357, 0.173, 0.094, 0.273, 0.187, 0.155, 0.235, 0.218, 0.203, 0.125, 0.254, 0.249, 0.0, 0.04, 0.219, 0.091, 0.355, 0.416, 0.406, 0.135, 0.243, 0.222, 0.136, 0.457, 0.198, 0.19, 0.103, 0.196, 0.09, 0.103, 0.203, 0.096, 0.23, 0.167, 0.204, 0.363, 0.097, 0.0, 0.263, 0.221, 0.592, 0.253, 0.175, 0.297, 0.082, 0.165, 0.205, 0.141, 0.093, 0.178, 0.154, 0.1, 0.509, 0.231, 0.083, 0.214, 0.227, 0.468, 0.648, 0.024, 0.258]"
Yalobusha Brewing Company,,0.24105172413793102,0.20450000000000002,"[0.016, 0.177, 0.0, 0.103, 0.148, 0.626, 0.221, 0.538, 0.493, 0.069, 0.233, 0.252, 0.275, 0.506, 0.249, 0.518, 0.373, 0.208, 0.161, 0.247, 0.151, 0.171, 0.636, 0.368, 0.218, 0.054, 0.089, 0.48, 0.169, 0.068, 0.243, 0.0, 0.103, 0.129, 0.074, 0.242, 0.0, 0.411, 0.167, 0.135, 0.154, 0.201, 0.112, 0.0, 0.492, 0.17, 0.311, 0.276, 0.398, 0.59, 0.649, 0.035, 0.298, 0.298, 0.21, 0.136, 0.172, 0.158]"
The Blind Pig Brewery,,0.19474999999999998,0.2045,"[0.177, 0.101, 0.122, 0.097, 0.261, 0.164, 0.209, 0.159, 0.258, 0.242, 0.325, 0.18, 0.139, 0.26, 0.177, 0.094, 0.127, 0.241, 0.309, 0.314, 0.256, 0.226, 0.181, 0.261, 0.252, 0.068, 0.04, 0.188, 0.247, 0.09, 0.194, 0.199, 0.204, 0.227, 0.239, 0.208, 0.223, 0.261, 0.195, 0.205, 0.089, 0.237, 0.111, 0.139, 0.191, 0.223, 0.236, 0.22, 0.177, 0.168, 0.207, 0.209]"
Fort Point Beer Company,,0.1995,0.204,"[0.106, 0.17, 0.293, 0.197, 0.128, 0.331, 0.093, 0.273, 0.29, 0.293, 0.0, 0.241, 0.07, 0.275, 0.123, 0.17, 0.204, 0.578, 0.073, 0.162, 0.098, 0.221, 0.08, 0.093, 0.063, 0.14, 0.272, 0.039, 0.177, 0.143, 0.1, 0.328, 0.0, 0.309, 0.069, 0.317, 0.281, 0.228, 0.137, 0.227, 0.316, 0.023, 0.283, 0.365, 0.101, 0.184, 0.258, 0.323, 0.314, 0.403, 0.204, 0.0, 0.268, 0.319, 0.118, 0.172, 0.0, 0.211, 0.223, 0.083, 0.259, 0.152, 0.125, 0.424, 0.314, 0.0, 0.418, 0.264, 0.223, 0.339, 0.0, 0.286]"
Icicle Brewing Company,,0.21346874999999998,0.20350000000000001,"[0.177, 0.302, 0.099, 0.128, 0.268, 0.375, 0.251, 0.2, 0.134, 0.184, 0.134, 0.103, 0.309, 0.25, 0.231, 0.202, 0.272, 0.121, 0.205, 0.273, 0.203, 0.094, 0.112, 0.342, 0.137, 0.069, 0.259, 0.161, 0.165, 0.286, 0.144, 0.06, 0.234, 0.287, 0.159, 0.585, 0.235, 0.105, 0.23, 0.18, 0.524, 0.296, 0.128, 0.26, 0.122, 0.254, 0.332, 0.224, 0.178, 0.234, 0.321, 0.357, 0.097, 0.253, 0.068, 0.128, 0.351, 0.094, 0.062, 0.13, 0.204, 0.406, 0.081, 0.293]"
Abnormal Beer Company,,0.2235555555555555,0.203,"[0.242, 0.111, 0.34, 0.223, 0.202, 0.11, 0.139, 0.385, 0.438, 0.0, 0.228, 0.243, 0.06, 0.253, 0.343, 0.14, 0.279, 0.231, 0.442, 0.215, 0.131, 0.296, 0.074, 0.122, 0.19, 0.158, 0.295, 0.296, 0.274, 0.244, 0.27, 0.115, 0.118, 0.248, 0.157, 0.152, 0.315, 0.466, 0.342, 0.0, 0.041, 0.285, 0.27, 0.069, 0.061, 0.11, 0.175, 0.228, 0.198, 0.804, 0.354, 0.124, 0.181, 0.388, 0.308, 0.137, 0.204, 0.3, 0.131, 0.635, 0.14, 0.086, 0.073, 0.129, 0.086, 0.796, 0.08, 0.126, 0.341, 0.097, 0.048, 0.204]"
Deviate Brewing,,0.20713725490196078,0.203,"[0.24, 0.248, 0.2, 0.253, 0.17, 0.204, 0.09, 0.109, 0.239, 0.056, 0.201, 0.317, 0.256, 0.144, 0.175, 0.252, 0.348, 0.355, 0.396, 0.343, 0.296, 0.057, 0.213, 0.313, 0.197, 0.16, 0.214, 0.209, 0.34, 0.167, 0.203, 0.133, 0.085, 0.355, 0.15, 0.089, 0.0, 0.194, 0.178, 0.251, 0.241, 0.217, 0.16, 0.107, 0.309, 0.256, 0.141, 0.111, 0.352, 0.142, 0.128]"
TailGate Beer,,0.20138888888888887,0.2025,"[0.278, 0.237, 0.201, 0.062, 0.197, 0.126, 0.12, 0.107, 0.212, 0.094, 0.315, 0.256, 0.483, 0.203, 0.11, 0.146, 0.267, 0.073, 0.282, 0.248, 0.0, 0.204, 0.096, 0.276, 0.216, 0.099, 0.276, 0.324, 0.159, 0.245, 0.216, 0.265, 0.243, 0.368, 0.273, 0.284, 0.16, 0.238, 0.147, 0.217, 0.202, 0.302, 0.053, 0.461, 0.124, 0.114, 0.158, 0.125, 0.155, 0.155, 0.149, 0.139, 0.219, 0.196]"
Barrel of Monks Brewing,,0.21835000000000002,0.202,"[0.0, 0.361, 0.196, 0.304, 0.157, 0.387, 0.211, 0.246, 0.206, 0.203, 0.19, 0.0, 0.244, 0.209, 0.211, 0.336, 0.288, 0.203, 0.162, 0.376, 0.191, 0.073, 0.0, 0.194, 0.149, 0.291, 0.193, 0.13, 0.249, 0.065, 0.137, 0.268, 0.442, 0.025, 0.269, 0.319, 0.204, 0.21, 0.0, 0.19, 0.186, 0.14, 0.184, 0.168, 0.314, 0.367, 0.159, 0.236, 0.201, 0.176, 0.81, 0.104, 0.2, 0.176, 0.474, 0.172, 0.281, 0.22, 0.274, 0.17]"
Scofflaw Brewing Company,,0.2138548387096774,0.1945,"[0.168, 0.249, 0.221, 0.084, 0.228, 0.424, 0.194, 0.205, 0.23, 0.089, 0.0, 0.226, 0.281, 0.174, 0.15, 0.162, 0.311, 0.192, 0.255, 0.28, 0.124, 0.227, 0.142, 0.256, 0.175, 0.687, 0.14, 0.687, 0.413, 0.235, 0.266, 0.0, 0.082, 0.178, 0.284, 0.102, 0.467, 0.136, 0.229, 0.195, 0.151, 0.141, 0.286, 0.294, 0.101, 0.178, 0.0, 0.134, 0.26, 0.166, 0.11, 0.129, 0.147, 0.096, 0.199, 0.271, 0.277, 0.379, 0.189, 0.228, 0.228, 0.147]"
4 Mile Brewing Co.,,0.1281153846153846,0.101,"[0.208, 0.359, 0.207, 0.179, 0.056, 0.061, 0.167, 0.078, 0.074, 0.19, 0.169, 0.122, 0.065, 0.174, 0.053, 0.076, 0.158, 0.094, 0.104, 0.066, 0.073, 0.162, 0.0, 0.161, 0.177, 0.442, 0.034, 0.144, 0.107, 0.085, 0.058, 0.111, 0.18, 0.123, 0.032, 0.08, 0.016, 0.052, 0.457, 0.223, 0.12, 0.096, 0.086, 0.083, 0.174, 0.058, 0.047, 0.248, 0.079, 0.029, 0.098, 0.167]"
Harboes Bryggeri A/S,,0.11408749999999998,0.101,"[0.139, 0.065, 0.0, 0.198, 0.079, 0.337, 0.102, 0.09, 0.117, 0.104, 0.052, 0.112, 0.175, 0.0, 0.182, 0.077, 0.0, 0.186, 0.0, 0.128, 0.024, 0.051, 0.08, 0.231, 0.148, 0.201, 0.169, 0.142, 0.087, 0.169, 0.074, 0.099, 0.104, 0.296, 0.156, 0.119, 0.049, 0.294, 0.191, 0.177, 0.082, 0.025, 0.147, 0.13, 0.264, 0.065, 0.059, 0.147, 0.054, 0.034, 0.081, 0.059, 0.227, 0.15, 0.06, 0.059, 0.097, 0.143, 0.127, 0.076, 0.028, 0.12, 0.062, 0.059, 0.1, 0.13, 0.154, 0.157, 0.184, 0.085, 0.081, 0.055, 0.127, 0.083, 0.087, 0.092, 0.116, 0.079, 0.049, 0.189]"
Brasserie de Saint-Omer,,0.09998214285714287,0.0975,"[0.062, 0.154, 0.114, 0.065, 0.078, 0.107, 0.0, 0.07, 0.108, 0.115, 0.1, 0.098, 0.079, 0.143, 0.081, 0.268, 0.059, 0.057, 0.109, 0.054, 0.107, 0.061, 0.106, 0.097, 0.106, 0.066, 0.084, 0.155, 0.079, 0.044, 0.164, 0.068, 0.063, 0.141, 0.056, 0.0, 0.096, 0.075, 0.117, 0.137, 0.162, 0.128, 0.22, 0.0, 0.333, 0.05, 0.095, 0.125, 0.144, 0.031, 0.111, 0.103, 0.048, 0.0, 0.134, 0.172]"
Inland Empire Brewing Company,,0.11653448275862069,0.0975,"[0.0, 0.105, 0.016, 0.096, 0.099, 0.091, 0.11, 0.091, 0.208, 0.169, 0.144, 0.092, 0.112, 0.259, 0.091, 0.065, 0.095, 0.016, 0.248, 0.07, 0.057, 0.036, 0.118, 0.104, 0.175, 0.168, 0.063, 0.044, 0.095, 0.081, 0.132, 0.0, 0.032, 0.169, 0.244, 0.069, 0.066, 0.0, 0.077, 0.075, 0.105, 0.047, 0.09, 0.113, 0.196, 0.137, 0.284, 0.081, 0.378, 0.016, 0.138, 0.139, 0.086, 0.127, 0.219, 0.268, 0.149, 0.204]"
Brau Union Hungária Sörgyárak / Soprony Brewery,,0.10623076923076923,0.0945,"[0.085, 0.072, 0.074, 0.159, 0.041, 0.117, 0.453, 0.0, 0.123, 0.054, 0.065, 0.038, 0.111, 0.088, 0.067, 0.127, 0.202, 0.197, 0.0, 0.166, 0.176, 0.189, 0.089, 0.049, 0.116, 0.126, 0.081, 0.201, 0.2, 0.153, 0.161, 0.092, 0.015, 0.051, 0.209, 0.122, 0.108, 0.098, 0.284, 0.0, 0.0, 0.0, 0.0, 0.131, 0.028, 0.097, 0.07, 0.06, 0.079, 0.109, 0.088, 0.103]"
Mountain Crest Liquors,,0.10367272727272725,0.094,"[0.131, 0.115, 0.074, 0.082, 0.356, 0.13, 0.094, 0.049, 0.113, 0.129, 0.153, 0.162, 0.08, 0.128, 0.098, 0.076, 0.052, 0.065, 0.087, 0.076, 0.15, 0.101, 0.101, 0.0, 0.151, 0.104, 0.036, 0.076, 0.209, 0.16, 0.135, 0.047, 0.074, 0.06, 0.079, 0.122, 0.148, 0.093, 0.086, 0.112, 0.027, 0.13, 0.17, 0.122, 0.148, 0.063, 0.051, 0.121, 0.092, 0.092, 0.07, 0.077, 0.077, 0.11, 0.058]"
Crystal Lake Brewing,,0.10569491525423728,0.093,"[0.087, 0.451, 0.172, 0.0, 0.071, 0.287, 0.0, 0.156, 0.065, 0.286, 0.0, 0.468, 0.125, 0.0, 0.255, 0.258, 0.0, 0.155, 0.167, 0.064, 0.0, 0.107, 0.0, 0.0, 0.118, 0.0, 0.137, 0.151, 0.114, 0.0, 0.0, 0.0, 0.0, 0.098, 0.143, 0.149, 0.0, 0.098, 0.146, 0.274, 0.281, 0.093, 0.137, 0.0, 0.0, 0.121, 0.067, 0.056, 0.0, 0.0, 0.043, 0.098, 0.1, 0.032, 0.0, 0.078, 0.302, 0.063, 0.163]"
Wolf Creek Brewing,,0.11437096774193549,0.0915,"[0.303, 0.012, 0.064, 0.098, 0.099, 0.093, 0.017, 0.077, 0.0, 0.105, 0.11, 0.309, 0.211, 0.143, 0.354, 0.315, 0.09, 0.149, 0.209, 0.0, 0.096, 0.051, 0.033, 0.122, 0.083, 0.109, 0.206, 0.069, 0.158, 0.089, 0.052, 0.052, 0.041, 0.36, 0.098, 0.064, 0.069, 0.126, 0.072, 0.084, 0.034, 0.09, 0.114, 0.064, 0.012, 0.225, 0.058, 0.079, 0.062, 0.064, 0.196, 0.099, 0.098, 0.162, 0.173, 0.088, 0.263, 0.084, 0.057, 0.143, 0.096, 0.038]"
Al Ahram Beverages Company,,0.10269090909090908,0.089,"[0.086, 0.1, 0.107, 0.072, 0.0, 0.232, 0.046, 0.064, 0.037, 0.174, 0.116, 0.092, 0.086, 0.082, 0.048, 0.182, 0.105, 0.089, 0.189, 0.132, 0.085, 0.244, 0.086, 0.0, 0.071, 0.108, 0.076, 0.141, 0.047, 0.173, 0.062, 0.078, 0.05, 0.129, 0.185, 0.078, 0.111, 0.117, 0.12, 0.106, 0.089, 0.134, 0.088, 0.201, 0.22, 0.192, 0.033, 0.135, 0.074, 0.037, 0.068, 0.107, 0.093, 0.037, 0.034]"
49th State Brewing Company,,0.11054237288135593,0.076,"[0.088, 0.11, 0.275, 0.0, 0.183, 0.109, 0.182, 0.0, 0.0, 0.076, 0.166, 0.0, 0.0, 0.0, 0.329, 0.0, 0.28, 0.0, 0.35, 0.187, 0.335, 0.274, 0.0, 0.0, 0.073, 0.51, 0.227, 0.263, 0.0, 0.201, 0.0, 0.0, 0.287, 0.0, 0.0, 0.0, 0.0, 0.0, 0.0, 0.0, 0.23, 0.182, 0.144, 0.201, 0.0, 0.0, 0.204, 0.257, 0.0, 0.0, 0.117, 0.0, 0.173, 0.159, 0.0, 0.119, 0.231, 0.0, 0.0]"
